{
    "circuits": [
        {
            "nom": "cik",
            "zone": [
                {
                    "secteur": 3,
                    "coord": {
                        "x": 47.942678,
                        "y": [
                            0.211083,
                            0.211438
                        ]
                    },
                    "sens": -1
                },
                {
                    "secteur": 2,
                    "coord": {
                        "x": 47.941169,
                        "y": [
                            0.213334,
                            0.213747
                        ]
                    },
                    "sens": 1
                },
                {
                    "secteur": 1,
                    "coord": {
                        "x": 47.943115,
                        "y": [
                            0.212719,
                            0.212981
                        ]
                    },
                    "sens": -1
                }
            ]
        }
    ]
}